Date,0
2015-01-23,99568.2347217855
2015-01-26,99138.33365612572
2015-01-27,98833.18046066647
2015-01-28,95837.97590944023
2015-01-29,95080.27918802905
2015-01-30,96494.58173953726
2015-02-02,96136.8029914794
2015-02-03,97141.39502915414
2015-02-04,98074.67801686272
2015-02-05,98001.80006575037
2015-02-06,98822.79983392509
2015-02-09,98733.64856241707
2015-02-10,98391.88781722251
2015-02-11,99264.35027933514
2015-02-12,99792.87743067744
2015-02-13,100327.48786016495
2015-02-17,100791.51750403432
2015-02-18,100616.60602209516
2015-02-19,100666.69290374289
2015-02-20,101353.63869517238
2015-02-23,101797.41623406457
2015-02-24,101573.06465535324
2015-02-25,101797.12768820525
2015-02-26,102204.72776945989
2015-02-27,102851.23591117501
2015-03-02,102177.65985891377
2015-03-03,102858.93911839442
2015-03-04,102576.14570859689
2015-03-05,102477.16035495746
2015-03-06,102621.12692260006
2015-03-09,101001.14374268062
2015-03-10,101189.04636314974
2015-03-11,99168.63618317801
2015-03-12,98828.68899599976
2015-03-13,99811.17996758668
2015-03-16,99343.10429470838
2015-03-17,100293.30084945959
2015-03-18,100406.48309406349
2015-03-19,101864.22116330735
2015-03-20,101866.88383549002
2015-03-23,102727.47189004878
2015-03-24,102943.65443115539
2015-03-25,102903.50307945194
2015-03-26,100895.6489840622
2015-03-27,100529.8368767229
2015-03-30,100453.76926755616
2015-03-31,101344.8514675993
2015-04-01,100363.08915971193
2015-04-02,100052.2269649362
2015-04-06,100091.97995598783
2015-04-07,101159.50841408613
2015-04-08,101006.80676250347
2015-04-09,101199.45310172424
2015-04-10,101469.88850604605
2015-04-13,101792.68498476948
2015-04-14,101914.7496995612
2015-04-15,102143.49921742872
2015-04-16,102460.89486353291
2015-04-17,102215.10128891426
2015-04-20,100779.32338879172
2015-04-21,102746.65863693299
2015-04-22,102595.00270435824
2015-04-23,103357.74244251304
2015-04-24,103041.2717647112
2015-04-27,105872.60476007809
2015-04-28,105826.40322140888
2015-04-29,105738.35549538399
2015-04-30,105479.60702706598
2015-05-01,104104.64860734803
2015-05-04,104788.17317489574
2015-05-05,104828.14684511426
2015-05-06,103645.2707546992
2015-05-07,102979.6935991646
2015-05-08,103591.81791898567
2015-05-11,104899.90859331869
2015-05-12,104200.9224378331
2015-05-13,103752.43209443103
2015-05-14,104038.08126824192
2015-05-15,105983.46708285811
2015-05-18,105487.78001012294
2015-05-19,105645.24776829734
2015-05-20,105631.38499712675
2015-05-21,105598.84751599625
2015-05-22,105860.45020187325
2015-05-26,105387.38512906247
2015-05-27,104270.35804520157
2015-05-28,105482.70754106938
2015-05-29,105165.28914517653
2015-06-01,104261.84383360468
2015-06-02,104823.99658214195
2015-06-03,104726.00414834234
2015-06-04,105436.42026773417
2015-06-05,104524.88272083875
2015-06-08,104122.20495574073
2015-06-09,103397.2238762824
2015-06-10,103541.27115887488
2015-06-11,104948.15450928603
2015-06-12,104893.81941930258
2015-06-15,104108.99758403367
2015-06-16,103250.39804206476
2015-06-17,104002.82914576276
2015-06-18,104357.75775391412
2015-06-19,105778.56991504086
2015-06-22,105065.15182448148
2015-06-23,105932.83663347378
2015-06-24,106844.94758763372
2015-06-25,106592.50635186066
2015-06-26,106227.2780063074
2015-06-29,106046.5518645776
2015-06-30,103938.30977271311
2015-07-01,104005.2198241968
2015-07-02,104989.68819081604
2015-07-06,105172.62059730626
2015-07-07,105041.28321535236
2015-07-08,105273.68878045125
2015-07-09,103952.57791193381
2015-07-10,104076.4501182605
2015-07-13,105639.4928668978
2015-07-14,107493.15816423981
2015-07-15,107981.09528546128
2015-07-16,108096.59842835368
2015-07-17,109573.96703689503
2015-07-20,111973.58144815425
2015-07-21,113040.02855098686
2015-07-22,112848.36063722233
2015-07-23,111514.41430000908
2015-07-24,110839.23015873352
2015-07-27,111290.20960257077
2015-07-28,110057.77843336668
2015-07-29,110634.5145378084
2015-07-30,111861.66085708913
2015-07-31,111385.7400667122
2015-08-03,110500.0652971245
2015-08-04,110341.99639962289
2015-08-05,109968.4634562873
2015-08-06,110912.06341060632
2015-08-07,109995.03625648962
2015-08-10,109452.965366246
2015-08-11,110614.52018341752
2015-08-12,109999.00202090885
2015-08-13,110395.06294447393
2015-08-14,110084.5124249042
2015-08-17,110533.76320298704
2015-08-18,110886.94453747288
2015-08-19,110989.57011512003
2015-08-20,110352.10253604931
2015-08-21,107720.27647220233
2015-08-24,103220.25213418201
2015-08-25,99102.53523683494
2015-08-26,98315.06378528815
2015-08-27,103537.84859203413
2015-08-28,106003.93159058533
2015-08-31,106043.49097695651
2015-09-01,105058.442902826
2015-09-02,101792.11214971032
2015-09-03,104329.90540692139
2015-09-04,103727.4136350426
2015-09-08,102406.21242667365
2015-09-09,104843.58607602147
2015-09-10,103857.1520760192
2015-09-11,104796.22866451876
2015-09-14,105268.56050082041
2015-09-15,105007.7702317023
2015-09-16,106400.4288220021
2015-09-17,106996.96767027935
2015-09-18,106897.43115975028
2015-09-21,105788.2832501197
2015-09-22,106872.75128876125
2015-09-23,105480.66472127096
2015-09-24,105543.82236462881
2015-09-25,105809.74035621535
2015-09-28,105392.27155408628
2015-09-29,103188.99234483173
2015-09-30,102436.730234319
2015-10-01,104277.76250906716
2015-10-02,104676.52973192061
2015-10-05,105931.39868892221
2015-10-06,107856.91591151856
2015-10-07,107562.07646919726
2015-10-08,107876.47250206971
2015-10-09,108098.1855082683
2015-10-12,108472.48617173076
2015-10-13,108907.9949389556
2015-10-14,108818.15656973477
2015-10-15,108198.75264376272
2015-10-16,110097.43382383854
2015-10-19,111074.852455453
2015-10-20,111357.7881952081
2015-10-21,110822.86368737706
2015-10-22,110237.6794652709
2015-10-23,112454.70432753273
2015-10-26,116632.5981155116
2015-10-27,117420.42734991037
2015-10-28,117119.69548503864
2015-10-29,118206.43526405495
2015-10-30,118600.2363121402
2015-11-02,117405.71434430203
2015-11-03,118699.12485161483
2015-11-04,119022.76439711642
2015-11-05,119567.73407471832
2015-11-06,120865.71786911077
2015-11-09,120745.84700810708
2015-11-10,119638.87962427115
2015-11-11,119680.76537344733
2015-11-12,120230.09944847724
2015-11-13,118807.9685436858
2015-11-16,116467.68106398093
2015-11-17,118050.52629408285
2015-11-18,117868.12042557025
2015-11-19,120089.25405891336
2015-11-20,120002.56327691102
2015-11-23,120541.55930659869
2015-11-24,120369.30673921022
2015-11-25,120177.17359028025
2015-11-27,119702.23068669387
2015-11-30,119910.52827386202
2015-12-01,119359.34280225706
2015-12-02,121159.85653958221
2015-12-03,120176.6109471086
2015-12-04,118683.41222649724
2015-12-07,121370.22992444193
2015-12-08,120954.67749975543
2015-12-09,120684.98285768848
2015-12-10,119330.19558825408
2015-12-11,119666.11585783641
2015-12-14,117281.64553135613
2015-12-15,119017.82146749686
2015-12-16,119783.7547450286
2015-12-17,121869.10113003287
2015-12-18,120599.46640114236
2015-12-21,118127.8351438626
2015-12-22,119036.48729186165
2015-12-23,119793.44419252961
2015-12-24,120522.59621115409
2015-12-28,120322.63735306635
2015-12-29,120806.85944081937
2015-12-30,122285.35698055348
2015-12-31,121395.84381228816
2016-01-04,119811.73780152173
2016-01-05,117478.37695482472
2016-01-06,117723.75475444247
2016-01-07,116776.87436874412
2016-01-08,113291.75034528681
2016-01-11,112416.56580741123
2016-01-12,112804.4273563858
2016-01-13,113807.96610362247
2016-01-14,110834.24101983024
2016-01-15,113280.84234610351
2016-01-19,110245.19840551417
2016-01-20,110626.91173608118
2016-01-21,109684.07804233862
2016-01-22,110175.84704323663
2016-01-25,113578.47308268095
2016-01-26,112372.72168055037
2016-01-27,114156.92446462576
2016-01-28,112254.93534731859
2016-01-29,117579.01498414269
2016-02-01,120182.5390262398
2016-02-02,120380.20961510518
2016-02-03,118409.25809136832
2016-02-04,117913.36844014673
2016-02-05,117463.4799852217
2016-02-08,114096.33086287485
2016-02-09,112906.15880636677
2016-02-10,112450.3287910486
2016-02-11,112732.53101795627
2016-02-12,112359.88182663526
2016-02-16,113926.57484404527
2016-02-17,115099.71052701285
2016-02-18,117211.0886229099
2016-02-19,116342.56061610497
2016-02-22,116700.29757532183
2016-02-23,118422.22240225114
2016-02-24,116384.40975106806
2016-02-25,117074.23848106254
2016-02-26,118263.75519915679
2016-02-29,117736.1500597711
2016-03-01,116653.39470040688
2016-03-02,120059.15358144818
2016-03-03,120748.61297225888
2016-03-04,120350.11610887422
2016-03-07,120133.08138111825
2016-03-08,118855.06424607716
2016-03-09,118697.05873734526
2016-03-10,119666.71178400755
2016-03-11,119266.3044281272
2016-03-14,120673.06426419038
2016-03-15,120863.27942706614
2016-03-16,121540.93520094156
2016-03-17,122356.83050353642
2016-03-18,122264.48141428926
2016-03-21,122144.89355860087
2016-03-22,122484.60749097759
2016-03-23,122678.77684618649
2016-03-24,122751.55844461426
2016-03-28,123181.98289085564
2016-03-29,122896.10663828439
2016-03-30,124683.24701770814
2016-03-31,124856.39155728213
2016-04-01,124311.27489731739
2016-04-04,125435.52914675348
2016-04-05,124552.388800041
2016-04-06,123602.83029865811
2016-04-07,124914.43352086224
2016-04-08,123399.85314441833
2016-04-11,122944.56620955426
2016-04-12,122443.38041293022
2016-04-13,123666.03146098707
2016-04-14,124579.71936997233
2016-04-15,125024.62856849791
2016-04-18,124717.7776144377
2016-04-19,125572.6865588056
2016-04-20,126164.28032376157
2016-04-21,125938.97210263183
2016-04-22,125520.8879834755
2016-04-25,123039.9561828093
2016-04-26,123215.4422863215
2016-04-27,121900.482633616
2016-04-28,121353.82956378533
2016-04-29,121830.98706192247
2016-05-02,122821.97392722442
2016-05-03,124166.72721973252
2016-05-04,123118.22112625961
2016-05-05,123121.6495332834
2016-05-06,122895.32409005088
2016-05-09,123993.94908474735
2016-05-10,123987.39715019452
2016-05-11,125631.95601161498
2016-05-12,125127.0723370246
2016-05-13,125412.3908905522
2016-05-16,124489.905294336
2016-05-17,125330.34404766941
2016-05-18,124011.47217950653
2016-05-19,124458.54423873167
2016-05-20,123741.22357388434
2016-05-23,124249.29769539805
2016-05-24,123557.08513170118
2016-05-25,125426.00088793882
2016-05-26,126364.19300968797
2016-05-27,126667.19309395159
2016-05-31,127148.51678030967
2016-06-01,127274.18576115201
2016-06-02,127108.25288168636
2016-06-03,127231.29792556659
2016-06-06,126700.26303793368
2016-06-07,127157.04813205995
2016-06-08,127190.6186922363
2016-06-09,127536.61176047206
2016-06-10,127706.7269433036
2016-06-13,126878.33017897294
2016-06-14,125406.27779926872
2016-06-15,125643.26033074221
2016-06-16,125204.5359508355
2016-06-17,125752.85550666433
2016-06-20,124600.3731962272
2016-06-21,124880.74850233253
2016-06-22,125896.094881292
2016-06-23,125599.23700934366
2016-06-24,127062.02305480075
2016-06-27,123229.12952518658
2016-06-28,121345.92295817232
2016-06-29,123900.08076722936
2016-06-30,125633.63497987657
2016-07-01,126842.7715591971
2016-07-05,127134.33227176873
2016-07-06,126912.02821466392
2016-07-07,128013.63578369538
2016-07-08,127580.24436722287
2016-07-11,129127.17337962482
2016-07-12,129759.34093035178
2016-07-13,130168.7180554118
2016-07-14,129986.58249811093
2016-07-15,130597.72390615015
2016-07-18,130430.19036663925
2016-07-19,131418.11375148298
2016-07-20,131558.55918005228
2016-07-21,132953.2918443527
2016-07-22,132402.31760379765
2016-07-25,133059.6512468121
2016-07-26,132802.2470021147
2016-07-27,132277.4402046424
2016-07-28,133257.04580840527
2016-07-29,133879.05314069393
2016-08-01,134459.9088615031
2016-08-02,134611.69292065056
2016-08-03,134027.5627667411
2016-08-04,134050.49326255542
2016-08-05,134733.63252489478
2016-08-08,135688.81037197233
2016-08-09,135802.55762824
2016-08-10,135912.8878271719
2016-08-11,135612.92586385208
2016-08-12,135911.35832929373
2016-08-15,135821.87242446386
2016-08-16,135700.31068925612
2016-08-17,134866.0182285563
2016-08-18,135488.0127449127
2016-08-19,135366.609149143
2016-08-22,134955.03045380113
2016-08-23,134900.23341171382
2016-08-24,135204.87459490192
2016-08-25,134783.48273794024
2016-08-26,135012.22900022697
2016-08-29,135128.3503329106
2016-08-30,136016.05725903067
2016-08-31,135449.80735870134
2016-09-01,135302.1517976033
2016-09-02,135585.75830053183
2016-09-06,136067.1323423098
2016-09-07,137469.72770274564
2016-09-08,137633.3433815256
2016-09-09,137033.03317926778
2016-09-12,134073.82918646763
2016-09-13,135942.26595083435
2016-09-14,134553.27645171783
2016-09-15,134938.89950225674
2016-09-16,136470.80028092532
2016-09-19,136383.4970991094
2016-09-20,135831.4063732923
2016-09-21,135934.53110800276
2016-09-22,137005.136107353
2016-09-23,137988.40133295092
2016-09-26,136990.2083500609
2016-09-27,135963.47752351762
2016-09-28,137406.32821860837
2016-09-29,138228.65743540146
2016-09-30,136909.55770216772
2016-10-03,137734.3120965442
2016-10-04,137506.17602976793
2016-10-05,137182.2566426464
2016-10-06,137744.16195869056
2016-10-07,137957.1129810273
2016-10-10,138075.13305601355
2016-10-11,139040.36471876505
2016-10-12,137793.08271058387
2016-10-13,138039.10283585335
2016-10-14,137369.87228211213
2016-10-17,137472.48251687747
2016-10-18,137194.89094332402
2016-10-19,137545.26216786596
2016-10-20,137759.97561810448
2016-10-21,137040.23796549765
2016-10-24,137943.27675997865
2016-10-25,139239.60005137973
2016-10-26,139328.01481868548
2016-10-27,138585.98760419243
2016-10-28,138139.3490863468
2016-10-31,137512.7040644611
2016-11-01,137442.49376810293
2016-11-02,136570.4237582164
2016-11-03,135123.5993968571
2016-11-04,133288.49006995343
2016-11-07,132738.25307118017
2016-11-08,135446.0800030523
2016-11-09,136462.186354707
2016-11-10,136512.3914076697
2016-11-11,134115.4577221634
2016-11-14,133630.873651352
2016-11-15,131582.66280571476
2016-11-16,133767.16637677854
2016-11-17,133983.78738621852
2016-11-18,134894.58004449974
2016-11-21,134360.1565689176
2016-11-22,136467.40585627314
2016-11-23,136791.84209031938
2016-11-25,136484.81161321627
2016-11-28,136863.15520139865
2016-11-29,136602.11134507658
2016-11-30,136751.41836124074
2016-12-01,135281.3990429921
2016-12-02,133919.86421309557
2016-12-05,134088.8415456659
2016-12-06,135611.00964198832
2016-12-07,135850.84708274275
2016-12-08,137361.7766762792
2016-12-09,137547.5422597045
2016-12-12,138913.2928273362
2016-12-13,138890.70442113897
2016-12-14,140602.82037309813
2016-12-15,139860.7083343302
2016-12-16,140207.4306970299
2016-12-19,139845.38143765816
2016-12-20,140561.57173186968
2016-12-21,140786.5685852382
2016-12-22,140629.6576418693
2016-12-23,140363.597530229
2016-12-27,140290.085346803
2016-12-28,140679.33202886287
2016-12-29,139875.401002397
2016-12-30,139669.69532080376
2017-01-03,138529.11780347666
2017-01-04,139977.97674843707
2017-01-05,140318.44012450546
2017-01-06,141295.14354933164
2017-01-09,142368.970068472
2017-01-10,142417.48799679067
2017-01-11,142064.57628331406
2017-01-12,142795.86414021897
2017-01-13,142791.48900371752
2017-01-17,143312.06428592352
2017-01-18,143040.1633439685
2017-01-19,142911.06627819143
2017-01-20,142423.76066003507
2017-01-23,143227.50970695235
2017-01-24,143836.55322048173
2017-01-25,143701.0510887747
2017-01-26,144815.5423428682
2017-01-27,145063.42847967608
2017-01-30,145574.9523118352
2017-01-31,144433.59325064372
2017-02-01,143732.79140741355
2017-02-02,144507.17090192286
2017-02-03,144046.0133983514
2017-02-06,144318.53065542993
2017-02-07,144371.88242961653
2017-02-08,144596.89768018402
2017-02-09,145235.04407924946
2017-02-10,146037.08577431392
2017-02-13,146243.6482454139
2017-02-14,146939.6332214261
2017-02-15,147204.79002239843
2017-02-16,147933.74508593022
2017-02-17,148161.79889200948
2017-02-21,148497.3532046702
2017-02-22,149140.1360655012
2017-02-23,149624.01460770177
2017-02-24,149892.98821181696
2017-02-27,149865.40993672857
2017-02-28,149844.17113914533
2017-03-01,149376.19588753927
2017-03-02,151513.24095279022
2017-03-03,150555.3335737959
2017-03-06,150795.3943906618
2017-03-07,150619.2839896332
2017-03-08,150426.64194155615
2017-03-09,150533.39633231497
2017-03-10,150980.76621904218
2017-03-13,151378.09006026847
2017-03-14,151672.71585215966
2017-03-15,151407.6858313729
2017-03-16,152395.41499618167
2017-03-17,152387.81103950992
2017-03-20,152254.13354027856
2017-03-21,152334.45283426315
2017-03-22,150704.87037968566
2017-03-23,151179.9064379098
2017-03-24,150812.02849680305
2017-03-27,150778.38518287957
2017-03-28,150750.83474558202
2017-03-29,151860.5227036337
2017-03-30,152354.76321117018
2017-03-31,152540.32266980805
2017-04-03,152127.01198699613
2017-04-04,152348.9927443959
2017-04-05,152681.5595259723
2017-04-06,152355.95460207926
2017-04-07,152046.2165271713
2017-04-10,151794.1919818365
2017-04-11,151884.9789134671
2017-04-12,151450.062252745
2017-04-13,151479.85343974165
2017-04-17,150664.00070233067
2017-04-18,152191.85311344967
2017-04-19,151684.6592027076
2017-04-20,151405.13989353992
2017-04-21,152177.43386463058
2017-04-24,151714.32543021167
2017-04-25,153673.38721180687
2017-04-26,154421.9019870205
2017-04-27,154191.3552253855
2017-04-28,154407.78847464797
2017-05-01,155148.79035687426
2017-05-02,156585.73714204732
2017-05-03,156542.8215465068
2017-05-04,156519.3641836016
2017-05-05,156111.89730832892
2017-05-08,156416.48670767405
2017-05-09,157276.59779891153
2017-05-10,157087.01403928836
2017-05-11,157100.4522519364
2017-05-12,156752.27966146427
2017-05-15,157079.31606203283
2017-05-16,157338.43855367074
2017-05-17,157938.18573354365
2017-05-18,154313.84914233023
2017-05-19,155553.63133057466
2017-05-22,156085.00062976527
2017-05-23,156788.78449535588
2017-05-24,157098.3792498425
2017-05-25,157603.6300065134
2017-05-26,158834.93193075265
2017-05-30,159009.9845710507
2017-05-31,159363.19795989883
2017-06-01,158826.7033476262
2017-06-02,159173.47745786558
2017-06-05,160608.27054973526
2017-06-06,160936.8210329596
2017-06-07,160908.02397881853
2017-06-08,161284.6317419284
2017-06-09,161315.8259500442
2017-06-12,159151.35114530133
2017-06-13,158417.11874601443
2017-06-14,159403.18999085488
2017-06-15,159078.01276671296
2017-06-16,158639.36102350993
2017-06-19,159196.0560051304
2017-06-20,160842.5866573564
2017-06-21,159784.66985167135
2017-06-22,160280.4839414009
2017-06-23,160107.85109657166
2017-06-26,161117.67461918588
2017-06-27,160359.2614961632
2017-06-28,158086.01055193754
2017-06-29,159519.20665990128
2017-06-30,157524.06708653178
2017-07-03,157603.43803310802
2017-07-05,157115.20549856315
2017-07-06,158236.02126768624
2017-07-07,157007.21379229357
2017-07-10,158458.49272695277
2017-07-11,159117.8193969881
2017-07-12,159324.0980860177
2017-07-13,161077.22067067347
2017-07-14,161580.13827778853
2017-07-17,162385.1071445261
2017-07-18,162580.438655833
2017-07-19,163824.9335406578
2017-07-20,164686.2503396956
2017-07-21,165313.81855847788
2017-07-24,164889.5159316002
2017-07-25,165062.39247348043
2017-07-26,165229.70062704195
2017-07-27,165405.19525804275
2017-07-28,167067.82788645904
2017-07-31,166973.3995315849
2017-08-01,166051.35943167636
2017-08-02,166765.3949431093
2017-08-03,166964.2400139979
2017-08-04,166556.48483183482
2017-08-07,167289.27095433426
2017-08-08,168066.98018052187
2017-08-09,167915.43227350555
2017-08-10,167746.09900787935
2017-08-11,165273.951991781
2017-08-14,165968.91670110976
2017-08-15,167906.57562852575
2017-08-16,168091.6809531893
2017-08-17,167960.4434142106
2017-08-18,165484.3577517644
2017-08-21,165550.4029848737
2017-08-22,165599.44736704248
2017-08-23,167359.39884847205
2017-08-24,166674.5335325301
2017-08-25,166192.36422724937
2017-08-28,166043.31068370433
2017-08-29,166247.10040402043
2017-08-30,166735.6216384723
2017-08-31,167434.44287760905
2017-09-01,168611.79140707452
2017-09-05,168306.50372467327
2017-09-06,166917.8288943059
2017-09-07,167326.23458849094
2017-09-08,167824.64226839822
2017-09-11,166521.99113970113
2017-09-12,168472.03402183068
2017-09-13,168621.4250434199
2017-09-14,169226.40051648646
2017-09-15,168465.97624955428
2017-09-18,169089.6036067261
2017-09-19,168710.38405495416
2017-09-20,170120.01416231476
2017-09-21,169874.20039072685
2017-09-22,168403.86396414487
2017-09-25,168229.35856711486
2017-09-26,165939.716613693
2017-09-27,166234.85050829046
2017-09-28,167549.563903699
2017-09-29,167877.2092437854
2017-10-02,168878.04894823485
2017-10-03,168878.58087957557
2017-10-04,169358.55595638038
2017-10-05,169174.3405971613
2017-10-06,170938.23010573196
2017-10-09,171250.76283162655
2017-10-10,171481.7377325779
2017-10-11,171302.70867431568
2017-10-12,172137.84795940452
2017-10-13,172200.0227727368
2017-10-16,172637.49448714356
2017-10-17,173564.285247231
2017-10-18,174483.68186730312
2017-10-19,174374.4855762941
2017-10-20,173817.54171836248
2017-10-23,173970.8184215908
2017-10-24,172460.14829430747
2017-10-25,172808.6767873491
2017-10-26,172353.45516623327
2017-10-27,172774.50710235073
2017-10-30,178741.52046553828
2017-10-31,178822.49404275563
2017-11-01,178595.04228738093
2017-11-02,179297.60773324897
2017-11-03,178668.2465648739
2017-11-06,179344.96900699442
2017-11-07,178978.65549272718
2017-11-08,179045.71906028694
2017-11-09,179388.93969600025
2017-11-10,178808.1402778561
2017-11-13,178302.34805564044
2017-11-14,178519.0661961436
2017-11-15,177883.50652525184
2017-11-16,177077.16565723007
2017-11-17,178356.5111420868
2017-11-20,177561.3229154368
2017-11-21,177901.66922624505
2017-11-22,179702.35728808612
2017-11-24,179846.6772090686
2017-11-27,180764.63645444342
2017-11-28,181632.1891866845
2017-11-29,182915.26560774946
2017-11-30,180687.97843264288
2017-12-01,182412.85290143036
2017-12-04,181940.0810451711
2017-12-05,180095.95802207713
2017-12-06,180293.73160242356
2017-12-07,181485.20182307402
2017-12-08,182074.16254001213
2017-12-11,183047.1394527395
2017-12-12,184108.76027318294
2017-12-13,184314.943846887
2017-12-14,184586.04803736624
2017-12-15,184160.431054621
2017-12-18,186250.85541999704
2017-12-19,187006.5747609191
2017-12-20,185974.81559002405
2017-12-21,185194.44310985893
2017-12-22,185526.48281053003
2017-12-26,185386.94831996868
2017-12-27,184806.354460164
2017-12-28,185257.35435263353
2017-12-29,185490.80156632548
2018-01-02,184264.01484466088
2018-01-03,186421.63126954343
2018-01-04,187596.9155394036
2018-01-05,188390.8298325609
2018-01-08,189860.55748723247
2018-01-09,190548.18946311285
2018-01-10,190566.12677800166
2018-01-11,190392.62192598637
2018-01-12,191196.83987386542
2018-01-16,190949.77452443633
2018-01-17,190318.40228583987
2018-01-18,191429.03433314594
2018-01-19,191677.96882539254
2018-01-22,192316.25760433063
2018-01-23,195368.526852856
2018-01-24,195512.78141100003
2018-01-25,194990.65392972543
2018-01-26,195723.09040584147
2018-01-29,197456.05872096072
2018-01-30,195696.6228621851
2018-01-31,195094.829268993
2018-02-01,195605.07247268228
2018-02-02,196579.77832575134
2018-02-05,192215.89853962525
2018-02-06,183885.2787487142
2018-02-07,188100.88345234713
2018-02-08,185361.7116139357
2018-02-09,177979.03265185418
2018-02-12,181455.4786837576
2018-02-13,183802.72267468873
2018-02-14,183849.87709891118
2018-02-15,186475.87652275796
2018-02-16,188705.0570678621
2018-02-20,188184.5244329627
2018-02-21,187283.12489701007
2018-02-22,186758.4100394558
2018-02-23,187354.63184187838
2018-02-26,190589.35449047023
2018-02-27,192985.2750392401
2018-02-28,190322.45117906362
2018-03-01,188069.18425999169
2018-03-02,185886.92624198733
2018-03-05,186952.00740864492
2018-03-06,189152.5565028009
2018-03-07,188961.37929771168
2018-03-08,189657.37722608924
2018-03-09,190574.52375981404
2018-03-12,193541.15868007138
2018-03-13,193636.62586732482
2018-03-14,191562.7583830906
2018-03-15,191121.41052090874
2018-03-16,191199.0149843932
2018-03-19,191579.04666811583
2018-03-20,186693.92830190604
2018-03-21,185934.08577310544
2018-03-22,185290.1519014586
2018-03-23,180840.57157932612
2018-03-26,176616.59681728185
2018-03-27,181632.37362045198
2018-03-28,177112.32036262195
2018-03-29,176869.84160688514
2018-04-02,180294.08783830857
2018-04-03,175773.2916863175
2018-04-04,177929.85545236638
2018-04-05,179816.6211938943
2018-04-06,181794.3669259625
2018-04-09,178351.62612427806
2018-04-10,179245.87364630663
2018-04-11,183478.7851770739
2018-04-12,182577.7561872405
2018-04-13,183468.09586216818
2018-04-16,183122.96780947034
2018-04-17,184391.76197833978
2018-04-18,187086.6565177803
2018-04-19,186353.01491835772
2018-04-20,186351.84866786803
2018-04-23,183890.91644133208
2018-04-24,183819.40806513545
2018-04-25,180319.25794346153
2018-04-26,180401.70329841183
2018-04-27,185451.3665885237
2018-04-30,186258.41405065748
2018-05-01,184050.6231838527
2018-05-02,185253.78581774747
2018-05-03,184516.6031111161
2018-05-04,184268.9981850266
2018-05-07,186910.3807063116
2018-05-08,187784.89556368266
2018-05-09,187577.50554939723
2018-05-10,190023.13084014953
2018-05-11,192461.7824836342
2018-05-14,193413.24949942683
2018-05-15,193286.0838252621
2018-05-16,191303.46116102414
2018-05-17,191661.09336904538
2018-05-18,191157.33075301704
2018-05-21,190252.43182384357
2018-05-22,192039.06416671007
2018-05-23,191750.2059855023
2018-05-24,193196.86870307114
2018-05-25,192248.95501057088
2018-05-29,191981.3752113583
2018-05-30,190645.31090363453
2018-05-31,192829.32628499746
2018-06-01,192750.58979825838
2018-06-04,195258.15648152662
2018-06-05,196166.81821081295
2018-06-06,196456.63377799687
2018-06-07,197197.13664406838
2018-06-08,196656.33569215517
2018-06-11,197511.44581686016
2018-06-12,197835.4637951378
2018-06-13,197908.93698182772
2018-06-14,196750.4447187707
2018-06-15,198009.38145237195
2018-06-18,197511.64078221342
2018-06-19,197872.15554835217
2018-06-20,198106.72673716018
2018-06-21,199197.16749853533
2018-06-22,198621.18452615463
2018-06-25,199123.30961867367
2018-06-26,195976.9954981805
2018-06-27,197103.0732579433
2018-06-28,195208.79883552357
2018-06-29,197290.52223888662
2018-07-02,196570.8696133533
2018-07-03,198198.45330347336
2018-07-05,196202.02503211345
2018-07-06,199066.7683127789
2018-07-09,201212.73256586175
2018-07-10,202556.76467510508
2018-07-11,203330.22749354638
2018-07-12,202569.75986723683
2018-07-13,205340.96392823197
2018-07-16,205948.89287969327
2018-07-17,206239.2655426833
2018-07-18,208181.95788640622
2018-07-19,207485.9563602167
2018-07-20,205948.92128161938
2018-07-23,206874.7402722115
2018-07-24,208070.2822455341
2018-07-25,210863.45647021633
2018-07-26,213076.13780384694
2018-07-27,204746.45210715226
2018-07-30,203785.62457481842
2018-07-31,201753.12274524872
2018-08-01,201907.54602008997
2018-08-02,202906.5572831089
2018-08-03,205583.8122240111
2018-08-06,206412.4057313478
2018-08-07,208716.66318877068
2018-08-08,208886.8923622488
2018-08-09,209623.64308703243
2018-08-10,209184.6852802108
2018-08-13,207592.90388781507
2018-08-14,206942.0590081263
2018-08-15,208163.04330997614
2018-08-16,206950.8887413355
2018-08-17,207308.1919486507
2018-08-20,207742.59945048403
2018-08-21,207383.46830355332
2018-08-22,207199.7748439379
2018-08-23,207600.88725557394
2018-08-24,207507.21991916667
2018-08-27,208843.30864977432
2018-08-28,210886.74091143723
2018-08-29,210593.51214892324
2018-08-30,212146.08911666332
2018-08-31,212533.0487860587
2018-09-04,211729.607761004
2018-09-05,209906.16276005836
2018-09-06,208102.29224931877
2018-09-07,206185.86368869583
2018-09-10,205856.99959639055
2018-09-11,206160.05662126132
2018-09-12,208705.35348478434
2018-09-13,207720.95640811976
2018-09-14,208541.26188124766
2018-09-17,208421.20183710416
2018-09-18,206793.94718221933
2018-09-19,207419.29438547415
2018-09-20,207962.0198191351
2018-09-21,210623.02820285692
2018-09-24,209658.18368774437
2018-09-25,209939.6788687464
2018-09-26,209653.48526922037
2018-09-27,209642.40965095398
2018-09-28,211100.30365826547
2018-10-01,209634.96558282818
2018-10-02,210273.34720287495
2018-10-03,209847.10149521366
2018-10-04,210334.50058814982
2018-10-05,207731.40351796758
2018-10-08,206455.1652272783
2018-10-09,205977.72333633804
2018-10-10,206743.89314241492
2018-10-11,199511.69548194538
2018-10-12,197200.79805470188
2018-10-15,199952.0158416967
2018-10-16,198580.34076311855
2018-10-17,203157.9312597703
2018-10-18,204074.7619916338
2018-10-19,200781.56041168742
2018-10-22,202684.84631895562
2018-10-23,203059.66030327755
2018-10-24,203200.83009592275
2018-10-25,196869.10519619708
2018-10-26,202071.53821957775
2018-10-29,197304.90811704195
2018-10-30,194201.5608399707
2018-10-31,197158.7161631372
2018-11-01,201150.0326844592
2018-11-02,201801.75852986609
2018-11-05,200526.35581921317
2018-11-06,200166.28055579244
2018-11-07,201321.92828628776
2018-11-08,205868.54590944128
2018-11-09,204820.74394720257
2018-11-12,202585.212478719
2018-11-13,198650.9349636044
2018-11-14,198514.29113815186
2018-11-15,197652.44200837336
2018-11-16,199693.93962821848
2018-11-19,199287.07302178926
2018-11-20,194311.5504465283
2018-11-21,191526.7678788436
2018-11-23,192257.40999067444
2018-11-26,190116.15751729082
2018-11-27,194606.7978544343
2018-11-28,195240.4823000638
2018-11-29,199548.49555673823
2018-11-30,199379.65834263226
2018-12-03,201398.26325141385
2018-12-04,202631.6148481186
2018-12-06,197318.4766453046
2018-12-07,197939.24440520917
2018-12-10,193643.66096704215
2018-12-11,195847.13664773223
2018-12-12,196620.22099825117
2018-12-13,197412.1509171193
2018-12-14,198454.1482688498
2018-12-17,193915.80637405816
2018-12-18,188785.3425846831
2018-12-19,190437.8846790679
2018-12-20,185691.59578228154
2018-12-21,183511.99469227926
2018-12-24,177938.73597246216
2018-12-26,173217.75808976262
2018-12-27,183410.99616066492
2018-12-28,184475.2401661342
2018-12-31,183703.60018195177
2019-01-02,184595.07008140147
2019-01-03,186399.4844160883
2019-01-04,181358.62389495719
2019-01-07,187950.09045587893
2019-01-08,188473.7877961237
2019-01-09,191584.4486340218
2019-01-10,192035.18972160676
2019-01-11,192095.85127483233
2019-01-14,191420.40659986628
2019-01-15,190845.9394106282
2019-01-16,194420.7778353878
2019-01-17,193959.3876950111
2019-01-18,194848.95855854978
2019-01-22,196802.93288628157
2019-01-23,193373.99036868577
2019-01-24,194102.96040291476
2019-01-25,193853.910812538
2019-01-28,195792.03632226711
2019-01-29,193679.63831062338
2019-01-30,191125.4177728178
2019-01-31,196663.78657236468
2019-02-01,202306.31370687528
2019-02-04,201204.42056225217
2019-02-05,203467.81764436292
2019-02-06,204983.38906261834
2019-02-07,203823.0100788431
2019-02-08,201154.3374144904
2019-02-11,201365.27964272047
2019-02-12,200850.34941475626
2019-02-13,203175.17697436974
2019-02-14,203126.58596407564
2019-02-15,202570.68649886077
2019-02-19,203632.508208827
2019-02-20,204257.12334810843
2019-02-21,204301.20868299025
2019-02-22,203964.47585971674
2019-02-25,205882.8532709159
2019-02-26,206949.16581255954
2019-02-27,207040.0638161914
2019-02-28,206661.51920121393
2019-03-01,206064.79222767559
2019-03-04,207565.13558258512
2019-03-05,209035.3605892402
2019-03-06,210005.18136589153
2019-03-07,209608.34582202105
2019-03-08,207621.2284450659
2019-03-11,207635.80946168725
2019-03-12,211412.24002444156
2019-03-13,212169.40640841308
2019-03-14,213558.00897848824
2019-03-15,212931.27614453342
2019-03-18,213206.6251658935
2019-03-19,212557.02214689009
2019-03-20,213067.8286461134
2019-03-21,214462.39482642998
2019-03-22,216629.82369605938
2019-03-25,213566.77380792162
2019-03-26,213904.34922073898
2019-03-27,215112.44150591284
2019-03-28,214084.7756467683
2019-03-29,213832.67348381586
2019-04-01,214983.67504104294
2019-04-02,217062.92174879214
2019-04-03,218564.46722960408
2019-04-04,218890.20931476375
2019-04-05,219595.8684896823
2019-04-08,220028.2083231711
2019-04-09,220607.51066419348
2019-04-10,220368.85343769862
2019-04-11,221052.51089197226
2019-04-12,221037.74600712195
2019-04-15,222703.7891493134
2019-04-16,222934.18041419226
2019-04-17,223555.32717503852
2019-04-18,224559.74167721655
2019-04-22,224770.32160494506
2019-04-23,226585.14275481325
2019-04-24,227763.40930353577
2019-04-25,226707.42953528414
2019-04-26,229984.83537217227
2019-04-29,231157.51040600348
2019-04-30,232092.99803591555
2019-05-01,230860.14242157413
2019-05-02,229537.58595357204
2019-05-03,228720.78912180816
2019-05-06,231778.72911613522
2019-05-07,230435.62397993586
2019-05-08,226783.03084231843
2019-05-09,226452.57299421413
2019-05-10,225528.91012097444
2019-05-13,226238.23446289936
2019-05-14,220518.09092352013
2019-05-15,220879.65104607685
2019-05-16,224287.45078806087
2019-05-17,226638.500726968
2019-05-20,225332.5256759948
2019-05-21,223585.36833600805
2019-05-22,224820.583690921
2019-05-23,224636.61907150885
2019-05-24,221649.48936135197
2019-05-28,221993.36759793136
2019-05-29,221509.6804983766
2019-05-30,218996.84451359828
2019-05-31,219107.0534212602
2019-06-03,214346.66778017234
2019-06-04,209387.28766007596
2019-06-05,213518.67969403058
2019-06-06,215369.7712060177
2019-06-07,217236.36737923548
2019-06-10,220995.45316850854
2019-06-11,222560.1074951793
2019-06-12,224023.31349549652
2019-06-13,223093.90093727206
2019-06-14,224632.2652957564
2019-06-17,225661.52938554384
2019-06-18,227702.05060777048
2019-06-19,228977.5901835839
2019-06-20,229001.73371648559
2019-06-21,230834.2264458383
2019-06-24,231386.57273513218
2019-06-25,232129.66173713945
2019-06-26,228677.56476954618
2019-06-27,228046.48635445468
2019-06-28,228453.4028640199
2019-07-01,229444.96332210902
2019-07-02,231086.74993365552
2019-07-03,233020.09812262113
2019-07-05,235050.69014560446
2019-07-08,234677.2668243012
2019-07-09,233962.7761326794
2019-07-10,234782.20813608295
2019-07-11,237213.0007908212
2019-07-12,236905.0392886083
2019-07-15,237809.61823337266
2019-07-16,237952.10676971197
2019-07-17,237073.81869175666
2019-07-18,235587.23810389652
2019-07-19,235565.31432473136
2019-07-22,233626.46971750114
2019-07-23,235278.72138910863
2019-07-24,236000.26571896335
2019-07-25,236970.2964912591
2019-07-26,235601.25631152
2019-07-29,237964.98551438513
2019-07-30,237547.83000008477
2019-07-31,237632.520801708
2019-08-01,234441.349325863
2019-08-02,232873.29594261272
2019-08-05,230807.4624009605
2019-08-06,223912.5483227484
2019-08-07,226551.38423786077
2019-08-08,226893.13984413425
2019-08-09,231788.61648327368
2019-08-12,229893.32127930594
2019-08-13,227704.95351162957
2019-08-14,231830.9260540666
2019-08-15,224721.84406271167
2019-08-16,226074.78980357305
2019-08-19,228926.6610176426
2019-08-20,231855.35039628207
2019-08-21,229475.16191414307
2019-08-22,230828.7091626969
2019-08-23,230238.3679939912
2019-08-26,224001.70946985617
2019-08-27,227034.97008224146
2019-08-28,227443.93949384108
2019-08-29,228303.37417786886
2019-08-30,231195.98528848172
2019-09-03,231010.4659515873
2019-09-04,229303.01643094132
2019-09-05,232285.37480434487
2019-09-06,235702.9172455392
2019-09-09,234761.0471567052
2019-09-10,234800.79699371487
2019-09-11,234605.94349711956
2019-09-12,236745.75478828073
2019-09-13,237686.19469656353
2019-09-16,237451.50849464216
2019-09-17,235780.24343653652
2019-09-18,236981.83115024364
2019-09-19,237771.4506263227
2019-09-20,238846.83433526207
2019-09-23,237975.9270917934
2019-09-24,237364.53268092204
2019-09-25,234455.97631506308
2019-09-26,236212.99559705323
2019-09-27,234892.8960453441
2019-09-30,233310.7253580106
2019-10-01,234332.80959212244
2019-10-02,232231.55793698045
2019-10-03,228891.08035659717
2019-10-04,231179.79106474662
2019-10-07,234635.25455443977
2019-10-08,233711.63766175348
2019-10-09,230648.7603789419
2019-10-10,232572.21675772127
2019-10-11,233786.34414979507
2019-10-14,236380.37166129562
2019-10-15,235831.23779205204
2019-10-16,239189.9812807153
2019-10-17,239158.09771569062
2019-10-18,239768.3892917647
2019-10-21,236850.2472889503
2019-10-22,239664.09781922415
2019-10-23,238012.26069503717
2019-10-24,240173.47317587317
2019-10-25,240946.19272985618
2019-10-28,241576.7844841433
2019-10-29,243660.25922864096
2019-10-30,242227.74586035986
2019-10-31,243439.00095202748
2019-11-01,243885.63301781192
2019-11-04,245925.9151768991
2019-11-05,246180.66543312898
2019-11-06,246152.16269214236
2019-11-07,245682.6026513006
2019-11-08,246288.57027887515
2019-11-11,246488.07084344228
2019-11-12,245781.8175056143
2019-11-13,246809.73275798635
2019-11-14,246547.96613084627
2019-11-15,246661.54594293458
2019-11-18,249015.4382721623
2019-11-19,250020.57288579032
2019-11-20,250145.66143537435
2019-11-21,249378.1000320247
2019-11-22,249287.05574641709
2019-11-25,249914.32288297795
2019-11-26,251349.9118800962
2019-11-27,252136.92046961965
2019-11-29,253599.7879297591
2019-12-02,252840.27677161552
2019-12-03,251219.53390674482
2019-12-04,250275.4012383829
2019-12-05,252174.51597080586
2019-12-06,252777.1949488331
2019-12-09,255064.4575180111
2019-12-10,254799.04478738713
2019-12-11,254418.71029822587
2019-12-12,255315.15076288412
2019-12-13,255476.20502938118
2019-12-16,255032.731612619
2019-12-17,257409.94810038846
2019-12-18,257909.06954213115
2019-12-19,258155.82038284562
2019-12-20,259869.44617352233
2019-12-23,260988.2452176206
2019-12-24,261101.47182502988
2019-12-26,260656.16619391766
2019-12-27,263506.5746874593
2019-12-30,263784.92133191915
2019-12-31,261446.8801345365
2020-01-02,262274.0325437493
2020-01-03,265682.84785898915
2020-01-06,263234.36219635996
2020-01-07,265406.88358655944
2020-01-08,264263.5867034993
2020-01-09,265879.910497459
2020-01-10,268338.83339046274
2020-01-13,267786.1909658646
2020-01-14,270600.08094308275
2020-01-15,269102.0940038621
2020-01-16,269858.32242519746
2020-01-17,271860.28711051936
2020-01-21,273230.97879421624
2020-01-22,272745.0259767526
2020-01-23,272434.32071554405
2020-01-24,272208.2854321993
2020-01-27,270013.1759212566
2020-01-28,266560.23474726226
2020-01-29,270141.1066421668
2020-01-30,271999.36554706376
2020-01-31,270395.17196306173
2020-02-03,266565.43659266335
2020-02-04,268308.2725004196
2020-02-05,272348.1806295203
2020-02-06,274437.3981579734
2020-02-07,276272.33064608317
2020-02-10,276381.6465734601
2020-02-11,278882.1416437004
2020-02-12,275495.71012244385
2020-02-13,276911.7339704921
2020-02-14,277269.724996781
2020-02-18,277910.7055960084
2020-02-19,277910.4241966716
2020-02-20,279163.1209904689
2020-02-21,277250.92738901475
2020-02-24,273092.6344853261
2020-02-25,263483.3506615619
2020-02-26,257777.11785818762
2020-02-27,258212.81773151137
2020-02-28,245404.5112823824
2020-03-02,245775.9603549868
2020-03-03,257613.95887101823
2020-03-04,248074.33644428276
2020-03-05,257597.8075194709
2020-03-06,249845.0877391307
2020-03-09,245138.7631649387
2020-03-10,229209.57125519557
2020-03-11,240773.04130543084
2020-03-12,229473.90355885727
2020-03-13,209947.32576535418
2020-03-16,231590.0334427796
2020-03-17,206984.6357060585
2020-03-18,219242.42108372005
2020-03-19,213203.9320782992
2020-03-20,214412.68946046312
2020-03-23,205966.8132867729
2020-03-24,201112.24917786077
2020-03-25,215811.56355553406
2020-03-26,213938.96777615295
2020-03-27,225955.311530052
2020-03-30,218616.60265896656
2020-03-31,228938.36604889762
2020-04-01,226486.0896760729
2020-04-02,218976.94226806573
2020-04-03,223964.41796178065
2020-04-06,220947.04568723004
2020-04-07,234078.86963617307
2020-04-08,233810.2231468609
2020-04-09,239931.19006663203
2020-04-13,241580.5574505814
2020-04-14,241969.25426215882
2020-04-15,249493.38833054245
2020-04-16,246871.50216289857
2020-04-17,248286.32933407484
2020-04-20,253638.90547669426
2020-04-21,249697.00396137542
2020-04-22,242463.57674768075
2020-04-23,249831.91696885804
2020-04-24,251315.53848456393
2020-04-27,254412.49325062602
2020-04-28,253774.92430186743
2020-04-29,250083.4506770896
2020-04-30,259035.00050791542
2020-05-01,262756.048430155
2020-05-04,256460.8350459164
2020-05-05,258579.02415715906
2020-05-06,260489.4971814915
2020-05-07,259797.9237373504
2020-05-08,261426.16485341187
2020-05-11,265381.0634639157
2020-05-12,265804.4115506559
2020-05-13,261184.5785304058
2020-05-14,256986.28119802996
2020-05-15,259061.6946573345
2020-05-18,260960.04351208784
2020-05-19,265724.4973379348
2020-05-20,263740.5335155711
2020-05-21,269844.655657511
2020-05-22,267854.7035446454
2020-05-26,268786.50952198106
2020-05-27,269497.8670760934
2020-05-28,271075.526034613
2020-05-29,270447.24307518086
2020-06-01,271968.1151172464
2020-06-02,273921.3065407494
2020-06-03,275837.1680998918
2020-06-04,277592.63642167207
2020-06-05,275120.9272717942
2020-06-08,281383.78613130207
2020-06-09,283578.9822682592
2020-06-10,285850.42908358807
2020-06-11,287076.8873993758
2020-06-12,273151.2376238024
2020-06-15,275712.3928973524
2020-06-16,277782.1968509565
2020-06-17,282634.34613758314
2020-06-18,281754.89998329367
2020-06-19,282451.6934935472
2020-06-22,281860.22484181554
2020-06-23,283756.6113949804
2020-06-24,285779.0791432844
2020-06-25,279068.80831088213
2020-06-26,282082.9857305207
2020-06-29,270877.5426969875
2020-06-30,275263.8259032833
2020-07-01,280375.5847772213
2020-07-02,283834.3771738468
2020-07-06,284267.01565272926
2020-07-07,290643.47112494335
2020-07-08,288603.6012937437
2020-07-09,292195.87566436303
2020-07-10,292053.3404644843
2020-07-13,294884.1873800712
2020-07-14,291661.3928552725
2020-07-15,294305.86135137914
2020-07-16,294167.2411681138
2020-07-17,293617.12608719186
2020-07-20,293153.94283340214
2020-07-21,298118.69175202266
2020-07-22,296975.7253769605
2020-07-23,296797.5122563134
2020-07-24,290667.872482935
2020-07-27,289902.2552333555
2020-07-28,292219.33618760353
2020-07-29,290330.5153502905
2020-07-30,293337.78329946275
2020-07-31,293598.5603323143
2020-08-03,301029.49319537316
2020-08-04,303387.35887826246
2020-08-05,303619.42856964347
2020-08-06,304544.0698309628
2020-08-07,310434.43866322056
2020-08-10,310450.33275348943
2020-08-11,309422.32739999244
2020-08-12,305497.1359916695
2020-08-13,310398.1197885099
2020-08-14,310447.15275472146
2020-08-17,310263.34060732723
2020-08-18,310306.3308745017
2020-08-19,312925.5557429818
2020-08-20,311856.5654392986
2020-08-21,315650.84982626035
2020-08-24,316275.0609783057
2020-08-25,319895.9528586547
2020-08-26,322804.9813340315
2020-08-27,330062.44308545016
2020-08-28,328885.4663761189
2020-08-31,330292.77208794147
2020-09-01,329469.3706938934
2020-09-02,331537.2865235129
2020-09-03,336803.6967900705
2020-09-04,324995.6004597764
2020-09-08,321361.84907383844
2020-09-09,310089.19555905915
2020-09-10,316063.62444919534
2020-09-11,309812.41161688033
2020-09-14,309090.47779285145
2020-09-15,310542.1622502848
2020-09-16,312962.03410980856
2020-09-17,308705.2652820412
2020-09-18,304405.3246746209
2020-09-21,301378.5867436854
2020-09-22,299018.0129462819
2020-09-23,303522.9011325692
2020-09-24,296134.7230789178
2020-09-25,297718.7458664566
2020-09-28,302519.62377436244
2020-09-29,306172.53868855647
2020-09-30,305703.0133149822
2020-10-01,307875.5557046262
2020-10-02,310021.4831414871
2020-10-05,304638.8716212211
2020-10-06,310149.70305777603
2020-10-07,304943.55235067825
2020-10-08,308051.9760089892
2020-10-09,311710.68028890685
2020-10-12,315003.4496507977
2020-10-13,323485.78414552595
2020-10-14,321885.6387203045
2020-10-15,319043.79364068166
2020-10-16,317336.45079971856
2020-10-19,316498.4745249881
2020-10-20,310140.266240131
2020-10-21,312848.95775468415
2020-10-22,314958.3507769752
2020-10-23,316857.11135259847
2020-10-26,319651.12829156156
2020-10-27,314264.4579614215
2020-10-28,316702.8166948478
2020-10-29,303536.82726750884
2020-10-30,309836.29122805473
2020-11-02,303681.6588106351
2020-11-03,305250.48671643215
2020-11-04,309252.04263732344
2020-11-05,319625.4416483352
2020-11-06,326563.9862824046
2020-11-09,326557.96581727924
2020-11-10,326159.3584526956
2020-11-11,323586.1300429928
2020-11-12,327349.40501158725
2020-11-13,325524.7639877563
2020-11-16,328284.78768662905
2020-11-17,330541.13119874283
2020-11-18,328110.657069398
2020-11-19,323975.3861284294
2020-11-20,325025.02914986893
2020-11-23,322322.14756243787
2020-11-24,322560.77826448693
2020-11-25,328850.66226590786
2020-11-27,328497.0838072516
2020-11-30,329601.9544871022
2020-12-01,327509.8433820742
2020-12-02,333399.9856783879
2020-12-03,335260.07274289156
2020-12-04,333511.1207547014
2020-12-07,333715.309349543
2020-12-08,334590.7221275058
2020-12-09,335882.5812032886
2020-12-10,331822.52867340506
2020-12-11,330891.80491874134
2020-12-14,330784.9093380231
2020-12-15,329119.5823509489
2020-12-16,332489.73782250535
2020-12-17,334254.4661855503
2020-12-18,334587.15840898664
2020-12-21,334114.53002336196
2020-12-22,334195.1088147845
2020-12-23,332386.61618752097
2020-12-24,332504.6455564402
2020-12-28,333087.33070439444
2020-12-29,339140.85033802484
2020-12-30,338354.8894159144
2020-12-31,335742.6866383357
2021-01-04,337168.0559833845
2021-01-05,332841.2602365143
2021-01-06,335522.24470677646
2021-01-07,333186.4906803851
2021-01-08,338598.06871232035
2021-01-11,339105.3947845773
2021-01-12,334429.3995206199
2021-01-13,332346.89622381155
2021-01-14,333890.88250057126
2021-01-15,331462.3087879937
2021-01-19,330926.766962462
2021-01-20,335674.1317821807
2021-01-21,342168.7273381433
2021-01-22,344262.1613936359
2021-01-25,345050.59404101735
2021-01-26,348595.76154832734
2021-01-27,350148.2364198156
2021-01-28,341960.6172346607
2021-01-29,342729.0229919254
2021-02-01,335144.33075863967
2021-02-02,340382.6394070879
2021-02-03,343471.2053556054
2021-02-04,346431.31661292276
2021-02-05,348446.5152813593
2021-02-08,350689.7256977671
2021-02-09,351074.20899709006
2021-02-10,351398.6714564316
2021-02-11,351818.8995962749
2021-02-12,350719.747092284
2021-02-16,351399.074552203
2021-02-17,352705.0676420385
2021-02-18,355245.48993660416
2021-02-19,353942.37372809695
2021-02-22,349542.1430453289
2021-02-23,346659.45281132136
2021-02-24,348855.29488866706
2021-02-25,350119.71954273287
2021-02-26,342217.91991936485
2021-03-01,340797.643904775
2021-03-02,347956.3303926611
2021-03-03,344027.15185167943
2021-03-04,339735.1884961232
2021-03-05,338824.94727568864
2021-03-08,346048.03967631795
2021-03-09,341409.8434437816
2021-03-10,347157.95796748914
2021-03-11,348532.6747251011
2021-03-12,352450.81043191376
2021-03-15,350646.4005830764
2021-03-16,352188.63569478365
2021-03-17,354679.78283477126
2021-03-18,356119.4195163003
2021-03-19,350652.8481167403
2021-03-22,352995.53065767995
2021-03-23,356267.27132558386
2021-03-24,356449.77623415657
2021-03-25,353652.4200431634
2021-03-26,352637.7027264678
2021-03-29,357233.6774702745
2021-03-30,360093.82033593196
2021-03-31,357317.62237675407
2021-04-01,359891.1663861671
2021-04-05,364469.3928686564
2021-04-06,371923.42893688806
2021-04-07,370827.0282634843
2021-04-08,374829.2161447555
2021-04-09,375847.4391668136
2021-04-12,377381.7201630708
2021-04-13,376561.86107853986
2021-04-14,376610.55945873284
2021-04-15,373244.50165386463
2021-04-16,377498.88244851556
2021-04-19,378289.6851447839
2021-04-20,376673.55257883965
2021-04-21,375764.5220194566
2021-04-22,376414.0365122533
2021-04-23,371206.7833255661
2021-04-26,375220.3671042171
2021-04-27,375483.8889022062
2021-04-28,375240.0127912676
2021-04-29,376264.87173405185
2021-04-30,383999.08826596494
2021-05-03,381365.13539825793
2021-05-04,381550.71474398713
2021-05-05,378738.83436292555
2021-05-06,378021.05458799185
2021-05-07,382755.8695418681
2021-05-10,383528.02598113124
2021-05-11,378259.5832908106
2021-05-12,375825.160055375
2021-05-13,370142.32412386
2021-05-14,374441.18282045476
2021-05-17,381060.1438626457
2021-05-18,380602.098893215
2021-05-19,375892.3602620038
2021-05-20,376149.2242979816
2021-05-21,379759.9801779674
2021-05-24,378288.0401137703
2021-05-25,383812.24462725
2021-05-26,383840.9150103699
2021-05-27,383899.2008160622
2021-05-28,383042.9501297248
2021-06-01,381993.3943072232
2021-06-02,381469.4378141587
2021-06-03,382278.7493167585
2021-06-04,381049.1309628821
2021-06-07,384960.1104384868
2021-06-08,386729.0359419141
2021-06-09,386039.3663384823
2021-06-10,385969.0640290677
2021-06-11,388374.4773839594
2021-06-14,387588.70867299277
2021-06-15,390104.8696252155
2021-06-16,389357.3303022182
2021-06-17,387232.4848114563
2021-06-18,389502.3786738443
2021-06-21,383875.5187782592
2021-06-22,388040.2769566036
2021-06-23,391526.5631713876
2021-06-24,391581.5087572627
2021-06-25,392776.08897457185
2021-06-28,392580.598598822
2021-06-29,396974.2450817949
2021-06-30,396396.85708607256
2021-07-01,396233.7954964602
2021-07-02,398888.02432632854
2021-07-06,403196.43397858395
2021-07-07,403682.4262300464
2021-07-08,404877.0368206235
2021-07-09,401976.9580398107
2021-07-12,405454.07892152714
2021-07-13,406668.04701520543
2021-07-14,406501.9320383618
2021-07-15,406980.40503442805
2021-07-16,405008.241319924
2021-07-19,402169.96249757445
2021-07-20,396254.0673915722
2021-07-21,400017.68884475756
2021-07-22,403457.68561602983
2021-07-23,405943.9897085581
2021-07-26,413504.37029145076
2021-07-27,415538.2063572561
2021-07-28,412636.6748655257
2021-07-29,413612.30902592104
2021-07-30,411097.827135798
2021-08-02,407531.24849500967
2021-08-03,406280.85730214557
2021-08-04,409105.9583801719
2021-08-05,408718.86419898085
2021-08-06,411362.07894596265
2021-08-09,411576.2183763406
2021-08-10,411141.51993962843
2021-08-11,411345.54630088346
2021-08-12,411464.0963879326
2021-08-13,414207.1617951882
2021-08-16,415049.90773118334
2021-08-17,416984.51100905787
2021-08-18,413618.70029764203
2021-08-19,408862.35443487886
2021-08-20,409821.40272305114
2021-08-23,413651.48023999727
2021-08-24,417120.7856208029
2021-08-25,417189.8211332537
2021-08-26,417861.1806091337
2021-08-27,415567.88175764785
2021-08-30,419453.7788491545
2021-08-31,423509.3270015344
2021-09-01,422658.6684292941
2021-09-02,423759.6636130402
2021-09-03,422972.57253392215
2021-09-07,423459.56897102844
2021-09-08,424209.6395680271
2021-09-09,422832.11070617044
2021-09-10,420511.1046980446
2021-09-13,417685.21804891474
2021-09-14,419418.1016534886
2021-09-15,418354.3481434571
2021-09-16,420822.02979923406
2021-09-17,419906.7395199836
2021-09-20,414925.9158073443
2021-09-21,407327.4214728516
2021-09-22,407925.5963709212
2021-09-23,407916.80641104345
2021-09-24,411972.6698953986
2021-09-27,414184.4686781294
2021-09-28,413154.88787091785
2021-09-29,404423.7582228284
2021-09-30,404771.56109563034
2021-10-01,401446.01426031796
2021-10-04,406108.49223585345
2021-10-05,398358.8174260467
2021-10-06,403242.6418555098
2021-10-07,405616.5300833213
2021-10-08,406875.9697034077
2021-10-11,406771.9857934221
2021-10-12,403202.64636545326
2021-10-13,400068.7816591123
2021-10-14,400972.12248389085
2021-10-15,406775.65156167693
2021-10-18,408946.75502010854
2021-10-19,412173.518085988
2021-10-20,415430.82934918674
2021-10-21,416655.2714156069
2021-10-22,416688.23561593785
2021-10-25,410749.4201489607
2021-10-26,411433.9142663786
2021-10-27,411629.71108206833
2021-10-28,412716.23761417967
2021-10-29,416208.92878336535
2021-11-01,418741.3464976042
2021-11-02,418473.8772102583
2021-11-03,419862.6465447948
2021-11-04,422452.7458204738
2021-11-05,424016.8558904013
2021-11-08,426382.21878815535
2021-11-09,425565.0064895219
2021-11-10,425390.3554428256
2021-11-11,420843.52194733167
2021-11-12,420595.4915703625
2021-11-15,426498.140900974
2021-11-16,428299.5410987784
2021-11-17,427322.79826506285
2021-11-18,426917.8123921169
2021-11-19,428493.49436592637
2021-11-22,428965.8978622012
2021-11-23,427246.46764148213
2021-11-24,428172.4321691619
2021-11-26,428834.62516225094
2021-11-29,420299.16902693297
2021-11-30,425354.90131630347
2021-12-01,416161.9032440206
2021-12-02,411960.2302407742
2021-12-03,414013.4196080941
2021-12-06,411828.1998273683
2021-12-07,418441.5693823073
2021-12-08,424989.72703260207
2021-12-09,427840.4598025633
2021-12-10,426974.4444958869
2021-12-13,429964.3770518405
2021-12-14,429291.91557241365
2021-12-15,427260.1558117164
2021-12-16,432849.85346760007
2021-12-17,429981.17363020085
2021-12-20,426004.22754266503
2021-12-21,421238.7412213628
2021-12-22,427286.5152002206
2021-12-23,429700.78429823054
2021-12-27,431819.9385739429
2021-12-28,438185.4719723979
2021-12-29,438124.8269992361
2021-12-30,437241.9890488286
2021-12-31,436185.57828072004
2022-01-03,432572.73572464974
2022-01-04,436374.3038591414
2022-01-05,436618.2039975084
2022-01-06,428223.0454950323
2022-01-07,429281.2721348767
2022-01-10,430709.332049131
2022-01-11,428835.6061086951
2022-01-12,432141.01279089553
2022-01-13,432825.03778132045
2022-01-14,425578.08953489055
2022-01-18,427022.8843883232
2022-01-19,417824.6527444118
2022-01-20,417721.37873942923
2022-01-21,414430.55360040854
2022-01-24,405653.2529748135
2022-01-25,406880.8028476809
2022-01-26,402041.05619268824
2022-01-27,401054.08446233213
2022-01-28,402212.68087456713
2022-01-31,412410.15864009684
2022-02-01,419713.7544897232
2022-02-02,423149.3891952683
2022-02-03,429110.57659408334
2022-02-04,399425.8702347614
2022-02-07,404511.29182146426
2022-02-08,398072.8524676371
2022-02-09,398392.8521544181
2022-02-10,405152.2378749705
2022-02-11,398485.5282919955
2022-02-14,391024.62869023695
2022-02-15,390164.1227216786
2022-02-16,394294.4046713926
2022-02-17,393628.6454171775
2022-02-18,385783.0651866283
2022-02-22,383253.592880172
2022-02-23,379410.0280009037
2022-02-24,372822.84859195835
2022-02-25,378936.29468978476
2022-02-28,387254.2066911687
2022-03-01,385576.1749726401
2022-03-02,379238.31725938525
2022-03-03,384720.2609547998
2022-03-04,381812.9952777605
2022-03-07,378612.14729447133
2022-03-08,367159.8907779632
2022-03-09,364099.9918752497
2022-03-10,373525.718705971
2022-03-11,371729.20164215425
2022-03-14,364817.32800644275
2022-03-15,361473.30132368096
2022-03-16,370107.2663905002
2022-03-17,379588.2802639548
2022-03-18,383773.99392321723
2022-03-21,388341.04359070223
2022-03-22,387931.7769694634
2022-03-23,393583.37451242
2022-03-24,390421.94715477404
2022-03-25,395569.48225419683
2022-03-28,398344.2456619304
2022-03-29,400846.4276657293
2022-03-30,405340.3653031535
2022-03-31,403955.6255997703
2022-04-01,396445.782414471
2022-04-04,399426.2416639047
2022-04-05,405888.2335631761
2022-04-06,402521.9416499179
2022-04-07,396301.7412656593
2022-04-08,397008.17417518946
2022-04-11,396284.8660646387
2022-04-12,388221.7140152662
2022-04-13,386550.5935297106
2022-04-14,389862.15127369505
2022-04-18,383439.86540695495
2022-04-19,383867.29497842863
2022-04-20,391532.43187637127
2022-04-21,386159.5250831227
2022-04-22,378071.0083539165
2022-04-25,368182.63166370936
2022-04-26,371315.81626733457
2022-04-27,360943.57474389795
2022-04-28,358745.3047833399
2022-04-29,378354.7330219181
2022-05-02,363363.64359944325
2022-05-03,369002.3722437042
2022-05-04,370407.74763906444
2022-05-05,382106.7614292235
2022-05-06,366223.5781499681
2022-05-09,364517.338385981
2022-05-10,354948.81875329936
2022-05-11,356252.15572113526
2022-05-12,348028.49548573873
2022-05-13,347707.29729479825
2022-05-16,355901.0383307284
2022-05-17,356627.3722471077
2022-05-18,362156.2230228746
2022-05-19,347514.5245828515
2022-05-20,344754.469393761
2022-05-23,345914.5687019189
2022-05-24,353847.17550233816
2022-05-25,347549.6820565387
2022-05-26,349896.5713229641
2022-05-27,356498.87217976246
2022-05-31,364347.77135764825
2022-06-01,364397.88943092065
2022-06-02,362059.425659135
2022-06-03,369412.7789456207
2022-06-06,361892.71596714086
2022-06-07,364277.49684718484
2022-06-08,367671.3994984204
2022-06-09,366092.68919093226
2022-06-10,354692.2101481519
2022-06-13,343446.0550815576
2022-06-14,329476.02550589346
2022-06-15,327513.48312306183
2022-06-16,333921.6256830097
2022-06-17,325200.94554617716
2022-06-21,326876.7245854679
2022-06-22,332229.51453863503
2022-06-23,331777.9316293413
2022-06-24,337303.48801521707
2022-06-27,348171.0971951584
2022-06-28,345981.70750314085
2022-06-29,336233.3146396807
2022-06-30,338889.5098849746
2022-07-01,334504.53820304386
2022-07-05,337902.05359331996
2022-07-06,343282.2313313941
2022-07-07,345284.0186300846
2022-07-08,350013.68675592745
2022-07-11,348931.60729659046
2022-07-12,342671.36264878325
2022-07-13,339204.61227757693
2022-07-14,338488.9809607951
2022-07-15,335519.8425034952
2022-07-18,342433.2582009466
2022-07-19,340310.49380660255
2022-07-20,348826.6458421738
2022-07-21,352225.19683133677
2022-07-22,352752.5786160375
2022-07-25,342239.02786401234
2022-07-26,341495.1919715955
2022-07-27,334639.5908676309
2022-07-28,347806.0840569663
2022-07-29,347680.2540991688
2022-08-01,351428.8681242136
2022-08-02,351089.35193041957
2022-08-03,348543.36216641363
2022-08-04,357347.37484428333
2022-08-05,356624.5374464059
2022-08-08,355913.28404750954
2022-08-09,355769.8428855805
2022-08-10,355561.38490713324
2022-08-11,364947.64787309885
2022-08-12,363482.00088776305
2022-08-15,368532.8436217471
2022-08-16,369896.0965700747
2022-08-17,370293.9513526012
2022-08-18,366790.8692902948
2022-08-19,365883.7907287588
2022-08-22,360163.75249573647
2022-08-23,353146.71767727635
2022-08-24,350973.60904805735
2022-08-25,351825.14396960713
2022-08-26,357820.80419557577
2022-08-29,345910.09235848655
2022-08-30,343462.0269124094
2022-08-31,339645.409433795
2022-09-01,339378.08725587453
2022-09-02,341889.47560934135
2022-09-06,336708.77312629484
2022-09-07,334059.62398936786
2022-09-08,338416.98356144835
2022-09-09,339982.5713063708
2022-09-12,347675.4021893028
2022-09-13,351044.25559663965
2022-09-14,332615.38724459603
2022-09-15,333332.3646216295
2022-09-16,329152.5799760118
2022-09-19,327022.24158527097
2022-09-20,328671.6004216376
2022-09-21,325301.7321110476
2022-09-22,318459.1278064919
2022-09-23,319545.38073019567
2022-09-26,314627.6215945777
2022-09-27,311478.0875717635
2022-09-28,309311.5798886113
2022-09-29,316330.4403911046
2022-09-30,308581.8400157668
2022-10-03,303856.4601108663
2022-10-04,311853.56924293964
2022-10-05,319713.9869478795
2022-10-06,318854.05328053137
2022-10-07,316163.7408749862
2022-10-10,306067.91389918735
2022-10-11,304065.44209351356
2022-10-12,299257.4345855
2022-10-13,299250.11317463807
2022-10-14,306613.771609286
2022-10-17,300788.7451704466
2022-10-18,311858.1242005197
2022-10-19,313211.70536914736
2022-10-20,312116.56333599996
2022-10-21,311265.73505036905
2022-10-24,314710.74986429885
2022-10-25,317619.8173207186
2022-10-26,323923.67375763465
2022-10-27,313565.72273066186
2022-10-28,294720.81233326823
2022-10-31,301494.9332051031
2022-11-01,295553.358296039
2022-11-02,293863.8674935176
2022-11-03,285473.83491237153
2022-11-04,280368.5720824228
2022-11-07,285624.992801399
2022-11-08,291978.7773775529
2022-11-09,292860.75257415406
2022-11-10,291455.698012478
2022-11-11,310851.25100791367
2022-11-14,314040.08651897125
2022-11-15,312845.4224924947
2022-11-16,315006.6640886274
2022-11-17,312905.8785771868
2022-11-18,311681.76352368883
2022-11-21,312596.63388036797
2022-11-22,310359.57646272716
2022-11-23,314436.808459746
2022-11-25,316315.1509421736
2022-11-28,315049.70987356646
2022-11-29,310032.164149235
2022-11-30,309176.2976862579
2022-12-01,322694.8108833816
2022-12-02,322807.3337253245
2022-12-05,323753.78755007155
2022-12-06,318515.96866230894
2022-12-07,310267.1730379296
2022-12-08,309752.6524087018
2022-12-09,312143.14463362325
2022-12-12,311105.80083971407
2022-12-13,314603.4352286221
2022-12-14,319965.6436880862
2022-12-15,319602.5183209723
2022-12-16,310811.9451218591
2022-12-19,309874.25331019575
2022-12-20,304884.84914558334
2022-12-21,307100.22477945196
2022-12-22,311889.2220811379
2022-12-23,307184.6341302378
2022-12-27,309294.180201764
2022-12-28,308089.25054922496
2022-12-29,304478.4250882232
2022-12-30,311121.3030110847
2023-01-03,310972.792295704
2023-01-04,313502.23929861747
2023-01-05,314014.1727667034
2023-01-06,311214.0127281658
2023-01-09,317378.6522910709
2023-01-10,316676.25783904776
2023-01-11,320530.7031258642
2023-01-12,324351.2936118006
2023-01-13,327130.30728531355
2023-01-17,329575.6895016128
2023-01-18,326971.2536927444
2023-01-19,321466.9660629714
2023-01-20,321379.877800072
2023-01-23,327778.42529411695
2023-01-24,330786.3521988365
2023-01-25,331224.93407829414
2023-01-26,329746.732475063
2023-01-27,336095.9822414105
2023-01-30,339673.2948583172
2023-01-31,333709.6135621074
2023-02-01,338576.7949567808
2023-02-02,342937.46075596305
2023-02-03,365660.92830208904
2023-02-06,361190.9750289886
2023-02-07,358717.1288792413
2023-02-08,364857.75908782845
2023-02-09,357496.8973584449
2023-02-10,350973.3833745375
2023-02-13,350622.07250583434
2023-02-14,356555.779650428
2023-02-15,356289.72794185905
2023-02-16,355990.6229016002
2023-02-17,349519.79813452286
2023-02-21,349121.1898093422
2023-02-22,343593.2704130932
2023-02-23,343106.073770804
2023-02-24,343617.8909562532
2023-02-27,340080.0453306591
2023-02-28,340699.21126465726
2023-03-01,342083.4375620745
2023-03-02,339395.6250952089
2023-03-03,341854.44638514996
2023-03-06,350294.6645181036
2023-03-07,351131.76302913897
2023-03-08,347234.2983882271
2023-03-09,346807.54961847846
2023-03-10,340711.9619167535
2023-03-13,338638.10627489164
2023-03-14,340945.41119560355
2023-03-15,350893.0221737108
2023-03-16,352830.29880943126
2023-03-17,360618.7249650505
2023-03-20,356477.48496784375
2023-03-21,358093.297579622
2023-03-22,363818.8177850719
2023-03-23,359286.0343699461
2023-03-24,362521.80992155115
2023-03-27,364624.6863410617
2023-03-28,363024.6658235352
2023-03-29,361355.69950829603
2023-03-30,366867.3823339771
2023-03-31,369464.6697165816
2023-04-03,374638.1793061041
2023-04-04,376940.19860801304
2023-04-05,378301.23269906617
2023-04-06,377786.5204768031
2023-04-10,382308.2383502321
2023-04-11,379802.9003605245
2023-04-12,377278.9336563218
2023-04-13,376273.23923738976
2023-04-14,383899.0219224961
2023-04-17,385962.7375784298
2023-04-18,385074.2818740967
2023-04-19,383705.66403288266
2023-04-20,383533.8465586119
2023-04-21,380831.0293661256
2023-04-24,382645.0755051834
2023-04-25,382245.32547472155
2023-04-26,376684.565359742
2023-04-27,380119.1358563037
2023-04-28,399029.4841363653
2023-05-01,399682.73437818314
2023-05-02,399183.31210159755
2023-05-03,395459.19877560844
2023-05-04,393161.28083737125
2023-05-05,390021.63040151907
2023-05-08,394833.9445346568
2023-05-09,395211.20923691127
2023-05-10,393656.89988270774
2023-05-11,397276.6174147423
2023-05-12,399228.2832242549
2023-05-15,397769.10887978843
2023-05-16,398697.78990369686
2023-05-17,398985.11061468994
2023-05-18,403170.64928096667
2023-05-19,406806.1595806663
2023-05-22,406040.34765309514
2023-05-23,405695.0446141729
2023-05-24,402718.4462442078
2023-05-25,402520.108374994
2023-05-26,404201.33578737214
2023-05-30,411046.6025329086
2023-05-31,410615.1481652551
2023-06-01,410292.1070543673
2023-06-02,415974.0024298048
2023-06-05,418436.8971032529
2023-06-06,418108.10778434365
2023-06-07,418305.01382489764
2023-06-08,412735.2861780247
2023-06-09,415612.8006762257
2023-06-12,415840.5407430322
2023-06-13,420094.8496704584
2023-06-14,420799.2527871601
2023-06-15,422499.78369632666
2023-06-16,430502.1413280452
2023-06-20,428440.80573790043
2023-06-21,426783.7532815325
2023-06-22,424497.8171687742
2023-06-23,429147.1520889098
2023-06-26,427689.08921712806
2023-06-27,422377.3620900537
2023-06-28,428027.82623274135
2023-06-29,428724.32241447526
2023-06-30,428618.5431047094
2023-07-03,434752.4588684551
2023-07-05,433911.14646887645
2023-07-06,436550.1878056475
2023-07-07,433626.11675596406
2023-07-10,430640.6301452124
2023-07-11,428392.5051347198
2023-07-12,430488.9489790305
2023-07-13,436191.72771618934
2023-07-14,440802.1435853168
2023-07-17,439613.1581125697
2023-07-18,437465.55128808244
2023-07-19,441163.556153261
2023-07-20,444743.5806949243
2023-07-21,439728.7415762409
2023-07-24,437990.6204438643
2023-07-25,439208.7296179933
2023-07-26,442115.43644417345
2023-07-27,443112.9836086299
2023-07-28,443788.1880057371
2023-07-31,453683.4815281886
2023-08-01,451327.34932745056
2023-08-02,450677.2281795843
2023-08-03,443655.6286308908
2023-08-04,443647.5690137052
2023-08-07,442892.9237616926
2023-08-08,447354.372925453
2023-08-09,445031.9574203685
2023-08-10,440826.6582943031
2023-08-11,441344.1878399015
2023-08-14,441309.91891659703
2023-08-15,444555.8325837385
2023-08-16,439064.01888035686
2023-08-17,434481.992576385
2023-08-18,430393.4770690294
2023-08-21,429388.0941970516
2023-08-22,431771.46925109153
2023-08-23,430722.2220857491
2023-08-24,435702.1055142802
2023-08-25,429511.2753132149
2023-08-28,431652.3486115955
2023-08-29,434029.1043260149
2023-08-30,441363.88625456835
2023-08-31,441578.4957862631
2023-09-01,442193.9622875247
2023-09-05,442933.1339696413
2023-09-06,443254.35297461034
2023-09-07,440027.48409321904
2023-09-08,439104.64339755237
2023-09-11,440062.54041958385
2023-09-12,446764.95361572393
2023-09-13,443005.32735008374
2023-09-14,445692.17929031607
2023-09-15,450567.2166847362
2023-09-18,442499.1472748883
2023-09-19,443932.3865311822
2023-09-20,443703.9162823454
2023-09-21,438179.56697665993
2023-09-22,432418.2621665538
2023-09-25,432232.1637451496
2023-09-26,433848.1903403759
2023-09-27,428116.9582422156
2023-09-28,427272.01019032055
2023-09-29,429898.1346668465
2023-10-02,427797.76356787316
2023-10-03,431075.6466433376
2023-10-04,425970.19896034483
2023-10-05,428963.2658923356
2023-10-06,428508.62213600765
2023-10-09,434721.7983155848
2023-10-10,438132.53627392405
2023-10-11,439876.5267099114
2023-10-12,441760.6044692899
2023-10-13,439713.64407997805
2023-10-16,436444.51819399616
2023-10-17,441749.41674135375
2023-10-18,442290.617901008
2023-10-19,438028.28616041975
2023-10-20,437335.78504672804
2023-10-23,432458.0382453489
2023-10-24,433751.708271023
2023-10-25,439138.16350022913
2023-10-26,431086.9213055599
2023-10-27,423240.22208020487
2023-10-30,424216.0363278966
2023-10-31,432666.419053379
2023-11-01,434090.96966265544
2023-11-02,441226.2424366351
2023-11-03,445561.1846746368
2023-11-06,448025.65433644364
2023-11-07,449960.7113883255
2023-11-08,452775.5896909561
2023-11-09,453223.95099519263
2023-11-10,451163.3793837758
2023-11-13,458507.8290456881
2023-11-14,458000.42100662127
2023-11-15,463164.1756005596
2023-11-16,462342.78832258965
2023-11-17,465986.0707075751
2023-11-20,465574.25293393893
2023-11-21,469962.6812714644
2023-11-22,468461.34047316865
2023-11-24,472373.7631144525
2023-11-27,471435.9487772474
2023-11-28,470169.2402162034
2023-11-29,472933.466522943
2023-11-30,469293.10272952466
2023-12-01,469852.56913322466
2023-12-04,469862.65044856496
2023-12-05,465236.02050966833
2023-12-06,465482.65633071715
2023-12-07,462362.5474319889
2023-12-08,468165.73659939074
2023-12-11,469967.5520543226
2023-12-12,465771.9668251277
2023-12-13,468946.7389240602
2023-12-14,471044.1784130861
2023-12-15,469958.5746036858
2023-12-18,470980.28153271455
2023-12-19,477263.5033580311
2023-12-20,480293.2389469276
2023-12-21,476424.9883063348
2023-12-22,480272.65379865636
2023-12-26,480848.0086638566
2023-12-27,481807.8429425562
2023-12-28,482189.6679661371
2023-12-29,482650.1186202915
2024-01-02,481384.3444478071
2024-01-03,480047.34015998064
2024-01-04,479367.37781303644
2024-01-05,477882.0533588982
2024-01-08,480009.80139914807
2024-01-09,485959.01195257186
2024-01-10,486061.4186579424
2024-01-11,492313.9433261485
2024-01-12,491003.62264989153
2024-01-16,494322.4238977603
2024-01-17,491312.003680636
2024-01-18,489661.10917144764
2024-01-19,494875.3160525215
2024-01-22,500736.23878276837
2024-01-23,500661.6784007751
2024-01-24,507670.4947412571
2024-01-25,509185.19893879537
2024-01-26,515096.86314947566
2024-01-29,515594.95256689156
2024-01-30,518952.20438046637
2024-01-31,518645.3427555942
2024-02-01,507896.1593133124
2024-02-02,512646.8758542292
2024-02-05,537143.8348604582
2024-02-06,531662.3883183264
2024-02-07,531587.4507763654
2024-02-08,536767.7890594174
2024-02-09,535596.6645204291
2024-02-12,537575.5798099273
2024-02-13,536682.286870428
2024-02-14,529612.0324004197
2024-02-15,533937.3397829911
2024-02-16,537857.442464348
2024-02-20,533656.8397144545
2024-02-21,533070.8699961741
2024-02-22,535686.0655824948
2024-02-23,544728.9643886249
2024-02-26,544048.7717474282
2024-02-27,538764.4458722459
2024-02-28,540437.6126936168
2024-02-29,539588.1166609537
2024-03-01,543437.9536464227
2024-03-04,546763.6096798967
2024-03-05,543004.4254866655
2024-03-06,537332.139028994
2024-03-07,537559.1983381923
2024-03-08,543687.3182753461
2024-03-11,542592.9523440378
2024-03-12,539754.1645751351
2024-03-13,547470.6736444139
2024-03-14,547208.4119619378
2024-03-15,548692.4330469494
2024-03-18,543300.226296777
2024-03-19,549602.7247535561
2024-03-20,551571.5169986644
2024-03-21,556797.3529621687
2024-03-22,557222.2976853886
2024-03-25,557872.7961147414
2024-03-26,554978.7607717614
2024-03-27,552954.5969902759
2024-03-28,557245.1299001012
2024-04-01,555906.5220713607
2024-04-02,558714.4049629258
2024-04-03,559671.8567222973
2024-04-04,560072.7662339336
2024-04-05,556889.5310044963
2024-04-08,564594.2381893671
2024-04-09,562362.2586203206
2024-04-10,563107.7056350668
2024-04-11,561582.2741448294
2024-04-12,565336.1450821501
2024-04-15,556477.4998365352
2024-04-16,550400.3372965911
2024-04-17,547478.5371781406
2024-04-18,545447.3733520835
2024-04-19,546533.0891691317
2024-04-22,541632.8994858429
2024-04-23,543280.7294585217
2024-04-24,551992.7576849037
2024-04-25,551793.7248219085
2024-04-26,535968.036167665
2024-04-29,542888.474464852
2024-04-30,540626.1692372474
2024-05-01,532712.8108666823
2024-05-02,538241.5301663766
2024-05-03,541910.1075831407
2024-05-06,548981.8124839349
2024-05-07,555052.5330259431
2024-05-08,556093.5961352803
2024-05-09,557770.8620040603
2024-05-10,561762.1909428304
2024-05-13,562635.4985391947
2024-05-14,561436.5622396509
2024-05-15,564391.2237111621
2024-05-16,570048.0719809512
2024-05-17,568066.237022522
2024-05-20,569063.726610671
2024-05-21,566642.9400935856
2024-05-22,567171.1602287173
2024-05-23,567408.8939122471
2024-05-24,560803.1255794388
2024-05-28,565869.1535946479
2024-05-29,565004.9936923798
2024-05-30,561903.0588289166
2024-05-31,558645.6591180515
2024-06-03,562072.9617552024
2024-06-04,564668.6366545821
2024-06-05,566154.2846096668
2024-06-06,571836.4805881141
2024-06-07,573677.7799199154
2024-06-10,572750.2226472833
2024-06-11,575190.5558310021
2024-06-12,579581.562121221
2024-06-13,579973.5774632008
2024-06-14,578548.5166230696
2024-06-17,578665.8626851848
2024-06-18,581657.5009419628
2024-06-20,580174.9072085314
2024-06-21,582346.2811492276
2024-06-24,582377.5102767692
2024-06-25,585120.206409332
2024-06-26,588761.8855144334
2024-06-27,592185.1790727831
2024-06-28,595058.330944733
2024-07-01,588585.1345526227
2024-07-02,593893.554945053
2024-07-03,597520.4634940807
2024-07-05,597781.8066421291
2024-07-08,608954.6617971102
2024-07-09,606356.6891602019
2024-07-10,605510.4747704045
2024-07-11,611664.0100245192
2024-07-12,600866.4137583737
2024-07-15,597815.8500045912
2024-07-16,597836.5322698529
2024-07-17,598342.2013378756
2024-07-18,591768.3683246792
2024-07-19,589938.4901139009
2024-07-22,587986.1760429794
2024-07-23,588915.833389979
2024-07-24,588941.3449616295
2024-07-25,576946.27497011
2024-07-26,572612.2579845397
2024-07-29,579830.077426275
2024-07-30,580053.8574502742
2024-07-31,578089.1164124376
2024-08-01,581375.4688895764
2024-08-02,586670.6047703366
2024-08-05,578373.5156264526
2024-08-06,561761.076873995
2024-08-07,567720.7790006398
2024-08-08,568321.7264182109
2024-08-09,578906.5145072566
2024-08-12,583859.0786215423
2024-08-13,581837.0216098342
2024-08-14,588720.5979512578
2024-08-15,589431.5140498268
2024-08-16,594940.3346887167
2024-08-19,594161.8682248647
2024-08-20,597458.846539051
2024-08-21,597856.9962684365
2024-08-22,599970.159195249
2024-08-23,596068.4204151158
2024-08-26,598179.5453120609
2024-08-27,597514.2290301077
2024-08-28,595602.0979984744
2024-08-29,593103.8093967678
2024-08-30,595421.0986274488
2024-09-03,601347.2468619397
2024-09-04,595281.683371413
2024-09-05,591862.2497098956
2024-09-06,592856.6760781516
2024-09-09,581996.5580127594
2024-09-10,589000.0497813171
2024-09-11,590322.6604722643
2024-09-12,594789.0930953647
2024-09-13,600736.2369842534
2024-09-16,602636.8833048414
2024-09-17,606886.9479793395
2024-09-18,608434.276982022
2024-09-19,607284.700588626
2024-09-20,617057.4259923925
2024-09-23,618840.5076781525
2024-09-24,618929.5514427798
2024-09-25,618304.6861620832
2024-09-26,617111.8519155504
2024-09-27,617171.048724432
2024-09-30,617457.9282217736
2024-10-01,620889.6819092988
2024-10-02,618411.8819825834
2024-10-03,616132.6885540175
2024-10-04,615360.0959944068
2024-10-07,621196.2685008807
2024-10-08,612262.764911722
2024-10-09,616773.907832799
2024-10-10,619104.9878773233
2024-10-11,616983.2657308237
2024-10-14,622444.2973027058
2024-10-15,624953.8805043356
2024-10-16,625949.7650511595
2024-10-17,622822.2533874152
2024-10-18,622596.4152945102
2024-10-21,624489.7737779976
2024-10-22,622630.3995606453
2024-10-23,623945.3024712935
2024-10-24,618746.8082899818
2024-10-25,618149.807803818
2024-10-28,618747.9681517578
2024-10-29,622011.8042338488
2024-10-30,625340.9499031417
2024-10-31,626186.1773108646
2024-11-01,612012.8995268248
2024-11-04,613940.244868363
2024-11-05,610037.6742684566
2024-11-06,615706.0906511671
2024-11-07,625422.8335421528
2024-11-08,631404.9378726704
2024-11-11,630310.9726500252
2024-11-12,627102.3410016766
2024-11-13,628553.7848272943
2024-11-14,630951.2830760041
2024-11-15,629349.7464999001
2024-11-18,621207.6216784851
2024-11-19,624492.3805140533
